Date,1M,3M,6M,12M,1Y,2Y,3Y,5Y,7Y,10Y,15Y,20Y,30Y
6/30/2023,5.21771,5.54543,5.76229,6.04143,4.086,3.879,3.613,3.2623,3.0951,3.0053,2.958,2.812,2.538
5/31/2023,5.193,5.51671,5.64571,5.71557,3.8394,3.5027,3.2578,3.024,2.9587,2.9525,2.967,2.852,2.598
4/28/2023,5.06214,5.30243,5.407,5.36629,3.78,3.4767,3.246,3.0535,2.9905,2.9895,3.0052,2.882,2.579
3/31/2023,4.85771,5.19271,5.313,5.30529,3.5748,3.417,3.244,3.045,2.9722,2.958,2.9575,2.821,2.495
2/28/2023,4.66943,4.971,5.26343,5.68157,3.7218,3.775,3.6112,3.3742,3.2717,3.23,3.2088,3.0488,2.708
1/31/2023,4.57429,4.81357,5.10043,5.33757,3.3664,3.292,3.116,2.938,2.8785,2.875,2.854,2.7032,2.351
12/30/2022,4.39157,4.76729,5.13886,5.48214,3.2787,3.395,3.311,3.239,3.2015,3.2028,3.142,2.9306,2.533
11/30/2022,4.142,4.77857,5.20343,5.57157,2.8011,2.858,2.767,2.658,2.6267,2.6559,2.6512,2.463,2.084
10/31/2022,3.80486,4.46029,4.91586,5.44829,2.6425,2.877,2.9075,2.9332,2.963,3.0315,3.067,2.879,2.4997
9/30/2022,3.14271,3.75471,4.232,4.78057,2.486,2.8238,2.894,2.966,3.011,3.075,3.066,2.8815,2.398
8/31/2022,2.55343,3.09971,3.66057,4.22314,1.845,2.179,2.21,2.261,2.316,2.4158,2.4865,2.375,2.052
7/29/2022,2.36229,2.78829,3.32986,3.70729,0.957,1.124,1.189,1.338,1.465,1.646,1.8105,1.757,1.518
6/30/2022,1.78671,2.28514,2.93514,3.619,0.8446,1.3642,1.549,1.791,1.957,2.165,2.348,2.265,1.984
5/31/2022,1.11986,1.61071,2.106,2.74,0.4774,1.0795,1.2917,1.5029,1.649,1.8489,1.999,1.943,1.727
4/29/2022,0.80329,1.33486,1.91071,2.62857,0.261,0.9712,1.2297,1.433,1.556,1.7205,1.8485,1.772,1.488
3/31/2022,0.452,0.96157,1.46986,2.10143,-0.0874,0.535,0.798,0.984,1.0698,1.1953,1.2917,1.23,1.019
2/28/2022,0.24143,0.50429,0.80471,1.288,-0.361,0.026,0.2544,0.4595,0.606,0.79,0.9533,0.922,0.783
1/31/2022,0.10686,0.30886,0.544,0.96229,-0.408,-0.116,0.073,0.235,0.326,0.4603,0.5985,0.617,0.505
12/31/2021,0.10125,0.20913,0.33875,0.58313,-0.484,-0.2958,-0.147,0.017,0.129,0.301,0.49,0.545,0.476
11/30/2021,0.094,0.17325,0.24325,0.38238,-0.4954,-0.3601,-0.2424,-0.1223,-0.0253,0.135,0.2963,0.33,0.2303
10/29/2021,0.0875,0.13225,0.201,0.36113,-0.4425,-0.2236,-0.0751,0.0425,0.14,0.2835,0.4023,0.4113,0.29
9/30/2021,0.08025,0.13013,0.1585,0.23663,-0.5022,-0.4292,-0.3512,-0.1927,-0.0421,0.163,0.398,0.4995,0.482
8/31/2021,0.0825,0.11963,0.14963,0.22788,-0.5157,-0.4803,-0.4348,-0.3312,-0.2132,-0.028,0.212,0.316,0.303
7/30/2021,0.0905,0.11775,0.15313,0.23513,-0.5206,-0.4942,-0.4551,-0.3633,-0.2528,-0.0711,0.1695,0.274,0.2599
6/30/2021,0.1005,0.14575,0.1595,0.24625,-0.5049,-0.4583,-0.3965,-0.2566,-0.1097,0.1002,0.3591,0.4742,0.4752
5/31/2021,0.08588,0.13138,0.171,0.24813,-0.5068,-0.4686,-0.4078,-0.2613,-0.1013,0.1209,0.3839,0.5003,0.5103
4/30/2021,0.10725,0.17638,0.20488,0.28113,-0.5128,-0.4785,-0.4168,-0.263,-0.095,0.137,0.411,0.534,0.55
3/31/2021,0.11113,0.19425,0.20525,0.28313,-0.5152,-0.4972,-0.4518,-0.3142,-0.1563,0.069,0.341,0.4635,0.4827
2/26/2021,0.1185,0.18838,0.203,0.28375,-0.496,-0.4642,-0.4193,-0.2977,-0.1618,0.033,0.27,0.366,0.3583
1/29/2021,0.1195,0.20188,0.22325,0.31113,-0.541,-0.5393,-0.519,-0.4427,-0.346,-0.188,0.022,0.1198,0.119
12/31/2020,0.14388,0.23838,0.25763,0.34188,-0.529,-0.521,-0.506,-0.459,-0.389,-0.2605,-0.0755,0.006,-0.0225
11/30/2020,0.15338,0.22763,0.255,0.33025,-0.517,-0.5186,-0.508,-0.458,-0.384,-0.251,-0.0617,0.0182,-0.0053
10/30/2020,0.14025,0.21575,0.24213,0.33013,-0.5328,-0.5445,-0.539,-0.49,-0.411,-0.278,-0.092,-0.018,-0.054
9/30/2020,0.14825,0.23388,0.25975,0.36013,-0.485,-0.4865,-0.477,-0.4265,-0.357,-0.229,-0.047,0.026,-0.009
8/31/2020,0.15675,0.24088,0.30988,0.44525,-0.442,-0.4313,-0.4185,-0.3615,-0.283,-0.145,0.048,0.129,0.11
7/31/2020,0.15488,0.24875,0.30613,0.44863,-0.418,-0.4309,-0.4293,-0.398,-0.3392,-0.229,-0.0651,-0.0027,-0.051
6/30/2020,0.16225,0.302,0.36925,0.54575,-0.355,-0.3882,-0.3905,-0.3525,-0.2896,-0.175,0.003,0.0751,0.033
5/29/2020,0.1825,0.344,0.50975,0.6735,-0.241,-0.2975,-0.3115,-0.288,-0.2335,-0.131,0.023,0.086,0.035
4/30/2020,0.32963,0.55613,0.7595,0.86463,-0.273,-0.344,-0.3528,-0.336,-0.2693,-0.1595,-0.007,0.036,-0.058
3/31/2020,0.99288,1.4505,1.17525,0.9975,-0.3173,-0.323,-0.3083,-0.2345,-0.149,-0.02,0.1645,0.228,0.176
2/28/2020,1.51525,1.46275,1.39725,1.3815,-0.419,-0.4335,-0.4205,-0.3715,-0.307,-0.18,0.011,0.1196,0.132
1/31/2020,1.66188,1.75113,1.74525,1.80663,-0.3661,-0.372,-0.3555,-0.298,-0.2125,-0.0542,0.178,0.3045,0.3362
12/31/2019,1.7625,1.90838,1.91213,1.99625,-0.3212,-0.2915,-0.2379,-0.1105,0.0175,0.2115,0.4701,0.6042,0.6211
11/29/2019,1.69713,1.9055,1.89688,1.95213,-0.3455,-0.3375,-0.308,-0.2289,-0.1235,0.0542,0.2978,0.4232,0.4557
10/31/2019,1.78488,1.90225,1.91625,1.95538,-0.361,-0.3647,-0.3413,-0.2616,-0.1561,0.0236,0.268,0.3949,0.4289
9/30/2019,2.01563,2.08513,2.05563,2.03213,-0.4247,-0.453,-0.4535,-0.4075,-0.3188,-0.1516,0.0764,0.1885,0.2214
8/30/2019,2.089,2.13763,2.0365,1.974,-0.497,-0.5567,-0.5722,-0.527,-0.4381,-0.2716,-0.0583,0.052,0.1
7/31/2019,2.22425,2.26563,2.20688,2.18863,-0.4209,-0.449,-0.4328,-0.3435,-0.211,0.009,0.299,0.4575,0.5275
6/28/2019,2.398,2.31988,2.2005,2.17813,-0.363,-0.3835,-0.3555,-0.2295,-0.0702,0.1786,0.4895,0.652,0.722
5/31/2019,2.4305,2.5025,2.51663,2.51025,-0.2774,-0.2757,-0.2313,-0.096,0.0707,0.335,0.666,0.8345,0.9176
4/30/2019,2.4805,2.57563,2.622,2.71688,-0.2308,-0.1922,-0.1293,0.0382,0.229,0.5118,0.8561,1.025,1.101
3/29/2019,2.4945,2.59975,2.6595,2.71063,-0.2297,-0.2012,-0.1398,0.0136,0.1938,0.472,0.8155,0.9825,1.066
2/28/2019,2.49038,2.61513,2.68575,2.86488,-0.21,-0.138,-0.0431,0.1694,0.3881,0.7038,1.0615,1.227,1.295
1/31/2019,2.51375,2.7375,2.7995,2.9835,-0.2237,-0.1657,-0.0785,0.1227,0.3475,0.6614,1.01,1.171,1.229
12/31/2018,2.50269,2.80763,2.87563,3.00544,-0.2322,-0.1741,-0.077,0.1979,0.469,0.812,1.168,1.324,1.3795
11/30/2018,2.34694,2.73613,2.89463,3.12025,-0.24,-0.1525,-0.0185,0.2745,0.5439,0.8799,1.2369,1.3965,1.4585
10/31/2018,2.30688,2.5585,2.80013,3.08375,-0.2397,-0.1216,0.038,0.3525,0.626,0.957,1.301,1.4555,1.507
9/28/2018,2.26056,2.39838,2.60388,2.91863,-0.2423,-0.1065,0.0675,0.392,0.663,0.9867,1.3247,1.4805,1.5365
8/31/2018,2.11375,2.32075,2.53563,2.84,-0.2468,-0.1485,-0.0112,0.2734,0.5375,0.8699,1.228,1.3945,1.468
7/31/2018,2.08138,2.34856,2.5305,2.82781,-0.253,-0.1445,0.014,0.332,0.6068,0.9415,1.292,1.452,1.5202
6/29/2018,2.09025,2.33575,2.50125,2.76406,-0.2538,-0.175,-0.0363,0.2628,0.5388,0.8755,1.2255,1.385,1.4555
5/31/2018,2.0007,2.32125,2.47375,2.71813,-0.231,-0.1367,0.0008,0.3005,0.5715,0.901,1.2475,1.4045,1.4657
4/30/2018,1.90932,2.36294,2.51175,2.77004,-0.2571,-0.1434,0.034,0.3865,0.6695,0.9905,1.324,1.474,1.521
3/30/2018,1.88313,2.31175,2.4524,2.66263,-0.2614,-0.157,0.0172,0.3642,0.6435,0.963,1.299,1.4422,1.484
2/28/2018,1.67007,2.01719,2.22375,2.50219,-0.2525,-0.1212,0.0785,0.4545,0.7545,1.083,1.4165,1.56,1.6035
1/31/2018,1.5797,1.77777,1.96625,2.26671,-0.2645,-0.126,0.0831,0.4745,0.7585,1.0685,1.378,1.5145,1.556
12/29/2017,1.56425,1.69428,1.83707,2.10697,-0.2573,-0.1498,0.013,0.316,0.5653,0.8863,1.249,1.4165,1.5005
11/30/2017,1.37188,1.48738,1.668,1.95169,-0.26,-0.1805,-0.045,0.2235,0.4845,0.8295,1.215,1.3948,1.5
10/31/2017,1.24333,1.38122,1.57511,1.84844,-0.2658,-0.1975,-0.0841,0.1946,0.4664,0.835,1.242,1.4307,1.539
9/29/2017,1.23222,1.33389,1.506,1.78233,-0.2555,-0.1655,-0.0435,0.2493,0.5311,0.909,1.312,1.496,1.5947
8/31/2017,1.23167,1.31778,1.45389,1.71344,-0.26,-0.1885,-0.0908,0.161,0.4252,0.792,1.193,1.3733,1.4713
7/31/2017,1.23167,1.31056,1.455,1.72733,-0.2481,-0.153,-0.0218,0.28,0.5714,0.9503,1.3468,1.521,1.614
6/30/2017,1.22389,1.29917,1.44767,1.73844,-0.2345,-0.1255,0.0018,0.2755,0.5375,0.9005,1.281,1.4505,1.536
5/31/2017,1.06033,1.21,1.41878,1.72372,-0.237,-0.162,-0.0749,0.1643,0.4198,0.782,1.18,1.358,1.451
4/28/2017,0.995,1.17233,1.42628,1.774,-0.228,-0.141,-0.036,0.192,0.444,0.789,1.168,1.332,1.413
3/31/2017,0.98278,1.14956,1.42322,1.80178,-0.2173,-0.135,-0.035,0.1835,0.425,0.766,1.142,1.303,1.3895
2/28/2017,0.78889,1.064,1.37489,1.75622,-0.215,-0.167,-0.103,0.078,0.313,0.6685,1.055,1.224,1.306
1/31/2017,0.77944,1.03456,1.34739,1.71344,-0.218,-0.155,-0.055,0.188,0.455,0.823,1.204,1.364,1.44
12/30/2016,0.77167,0.99789,1.31767,1.68567,-0.202,-0.1605,-0.1,0.077,0.314,0.6605,1.028,1.175,1.2355
11/30/2016,0.62367,0.93417,1.28878,1.639,-0.199,-0.158,-0.0998,0.087,0.331,0.683,1.03,1.174,1.229
10/31/2016,0.53378,0.88428,1.256,1.57511,-0.194,-0.16,-0.1165,0.0114,0.2014,0.504,0.832,0.961,1
9/30/2016,0.53111,0.85367,1.23972,1.55178,-0.207,-0.222,-0.217,-0.14,0.001,0.272,0.5928,0.722,0.766
8/31/2016,0.52489,0.83933,1.2445,1.55711,-0.203,-0.21,-0.195,-0.123,0.0205,0.289,0.5873,0.714,0.743
7/29/2016,0.4959,0.7591,1.1117,1.4321,-0.201,-0.2174,-0.2173,-0.152,-0.002,0.264,0.5686,0.686,0.7056
6/30/2016,0.46505,0.6541,0.92415,1.23025,-0.193,-0.201,-0.2017,-0.077,0.078,0.408,0.726,0.842,0.8621
5/31/2016,0.46885,0.6858,0.9931,1.3374,-0.161,-0.161,-0.13,0.0062,0.2085,0.54,0.911,1.064,1.114
4/29/2016,0.43575,0.6366,0.90415,1.2295,-0.145,-0.134,-0.091,0.073,0.309,0.66,1.0365,1.191,1.235
3/31/2016,0.43725,0.6286,0.8997,1.2104,-0.147,-0.151,-0.115,0.023,0.2325,0.551,0.8686,0.9936,1.0246
2/29/2016,0.4405,0.6331,0.8859,1.17875,-0.19,-0.216,-0.1846,-0.0325,0.1835,0.4985,0.8295,0.954,0.994
1/29/2016,0.425,0.6126,0.86025,1.13975,-0.154,-0.173,-0.121,0.0775,0.3258,0.672,1.0465,1.2055,1.258
12/31/2015,0.4295,0.6127,0.84615,1.178,-0.057,-0.035,0.0625,0.3318,0.6206,1.001,1.3987,1.5664,1.6076
11/30/2015,0.243,0.4162,0.6599,0.9806,-0.101,-0.119,-0.0635,0.1719,0.4535,0.843,1.255,1.439,1.5
10/30/2015,0.192,0.3341,0.55165,0.8684,-0.028,-0.0204,0.0416,0.2709,0.5403,0.9007,1.2766,1.442,1.501
9/30/2015,0.193,0.325,0.534,0.8511,0.024,0.048,0.122,0.347,0.6143,0.9636,1.3294,1.4846,1.5244
8/31/2015,0.19855,0.329,0.53425,0.8433,0.047,0.137,0.1835,0.4678,0.753,1.1296,1.4748,1.6138,1.6498
7/31/2015,0.19175,0.3086,0.4899,0.82835,0.0535,0.094,0.169,0.3985,0.6526,0.9847,1.3153,1.451,1.4888
6/30/2015,0.1865,0.2832,0.44485,0.7715,0.076,0.125,0.2228,0.5005,0.794,1.15,1.499,1.64,1.69
5/29/2015,0.184,0.28375,0.42465,0.7497,0.071,0.101,0.165,0.35,0.57,0.8525,1.1295,1.241,1.2876
4/30/2015,0.181,0.27875,0.4079,0.70525,0.0695,0.093,0.152,0.2929,0.4488,0.654,0.8609,0.9579,1.0159
3/31/2015,0.17625,0.27075,0.40065,0.6942,0.08,0.0827,0.121,0.2445,0.384,0.556,0.721,0.781,0.804
2/27/2015,0.173,0.26185,0.3807,0.6796,0.095,0.098,0.1349,0.268,0.4355,0.6829,0.9559,1.1,1.2209
1/30/2015,0.17125,0.2531,0.3574,0.6209,0.14,0.152,0.1912,0.301,0.447,0.67,0.927,1.068,1.176
12/31/2014,0.17125,0.2556,0.3628,0.6288,0.164,0.182,0.2204,0.3581,0.5321,0.819,1.1527,1.325,1.467
11/28/2014,0.154,0.2336,0.3262,0.5646,0.182,0.208,0.257,0.3969,0.582,0.908,1.29,1.4882,1.624
10/31/2014,0.1559,0.2321,0.3279,0.5538,0.193,0.218,0.2689,0.437,0.6834,1.0645,1.476,1.681,1.81
9/30/2014,0.1565,0.2351,0.3304,0.5786,0.175,0.1928,0.247,0.446,0.727,1.139,1.579,1.7905,1.913
8/29/2014,0.157,0.2336,0.3299,0.5656,0.247,0.2655,0.321,0.5035,0.7334,1.0895,1.464,1.6415,1.76
7/31/2014,0.156,0.2391,0.3345,0.5796,0.308,0.336,0.4059,0.648,0.952,1.3745,1.8035,1.986,2.073
6/30/2014,0.1552,0.2307,0.3268,0.5451,0.289,0.311,0.3855,0.6542,0.992,1.44,1.896,2.088,2.182
5/30/2014,0.151,0.2274,0.3219,0.5344,0.355,0.37,0.458,0.762,1.11,1.556,2.011,2.189,2.258
4/30/2014,0.1505,0.22335,0.3225,0.549,0.4108,0.448,0.57,0.9156,1.2681,1.707,2.145,2.308,2.367
3/31/2014,0.152,0.2306,0.3289,0.5581,0.412,0.478,0.6114,0.9718,1.3422,1.7815,2.228,2.391,2.448
2/28/2014,0.1555,0.23565,0.3305,0.5533,0.394,0.461,0.606,0.9999,1.3833,1.84,2.282,2.438,2.485
1/31/2014,0.1565,0.2366,0.3363,0.5654,0.378,0.436,0.5826,1.015,1.4228,1.88,2.334,2.483,2.5101
12/31/2013,0.1677,0.2461,0.348,0.5831,0.414,0.53,0.755,1.2591,1.6844,2.1551,2.583,2.716,2.7309
11/29/2013,0.16825,0.2391,0.3468,0.578,0.353,0.4305,0.5965,1.054,1.479,1.968,2.429,2.578,2.61
10/31/2013,0.168,0.242,0.3549,0.6026,0.385,0.493,0.658,1.099,1.503,1.97,2.415,2.566,2.62
9/30/2013,0.17885,0.24885,0.3685,0.6294,0.415,0.55,0.7455,1.218,1.617,2.061,2.474,2.596,2.612
8/30/2013,0.18206,0.2595,0.393,0.6671,0.442,0.626,0.863,1.365,1.7574,2.1905,2.599,2.7135,2.7135
7/31/2013,0.18673,0.2656,0.3965,0.67319,0.409,0.553,0.717,1.1623,1.5339,1.9582,2.365,2.4752,2.4822
6/28/2013,0.19465,0.2731,0.4134,0.68565,0.438,0.598,0.7865,1.221,1.589,2.005,2.382,2.49,2.505
5/31/2013,0.19428,0.27525,0.41426,0.6892,0.33,0.4385,0.5825,0.933,1.2867,1.7268,2.169,2.3298,2.3948
4/30/2013,0.1982,0.2731,0.4254,0.7045,0.328,0.392,0.474,0.751,1.064,1.476,1.911,2.067,2.149
3/29/2013,0.2037,0.2826,0.4449,0.7315,0.408,0.498,0.607,0.92,1.2545,1.673,2.101,2.2535,2.321
2/28/2013,0.2037,0.2871,0.4569,0.7515,0.355,0.444,0.571,0.918,1.297,1.748,2.1908,2.344,2.3949
1/31/2013,0.1997,0.298,0.4684,0.781,0.512,0.698,0.8531,1.1875,1.5154,1.907,2.277,2.3964,2.433
12/31/2012,0.2087,0.306,0.50825,0.8435,0.326,0.375,0.469,0.77,1.124,1.57,2.01,2.163,2.233
11/30/2012,0.2145,0.3105,0.526,0.86,0.353,0.4096,0.5182,0.852,1.2363,1.6652,2.1062,2.2418,2.2908
10/31/2012,0.212,0.31275,0.5399,0.8755,0.401,0.4736,0.5935,0.9545,1.3376,1.7695,2.1917,2.3101,2.3415
9/28/2012,0.21425,0.3585,0.6359,0.973,0.409,0.457,0.5706,0.947,1.3281,1.751,2.166,2.2771,2.327
8/31/2012,0.2305,0.41825,0.70765,1.032,0.494,0.4989,0.5897,0.934,1.3026,1.7126,2.087,2.153,2.1866
7/31/2012,0.2457,0.4426,0.7259,1.0535,0.605,0.6117,0.69,1.02,1.3941,1.7717,2.124,2.181,2.207
6/29/2012,0.24575,0.4606,0.7344,1.068,0.853,0.8555,0.9509,1.306,1.65,1.9831,2.2827,2.3034,2.2873
5/31/2012,0.23875,0.46685,0.7364,1.0692,0.887,0.862,0.917,1.1692,1.4259,1.681,1.915,1.931,1.8612
4/30/2012,0.23875,0.46585,0.7284,1.0472,0.925,0.928,1.04,1.4203,1.7981,2.1902,2.535,2.6002,2.5002
3/30/2012,0.24125,0.46815,0.7334,1.0485,1.031,1.0795,1.201,1.5913,1.9176,2.308,2.601,2.68,2.568
2/29/2012,0.2435,0.48425,0.74875,1.0598,1.1455,1.1075,1.199,1.55,1.908,2.261,2.5665,2.621,2.517
1/31/2012,0.26475,0.54235,0.77825,1.0957,1.242,1.128,1.183,1.534,1.89,2.24,2.551,2.59,2.467
12/30/2011,0.2953,0.581,0.8085,1.12805,1.42,1.3125,1.381,1.705,2.067,2.379,2.659,2.685,2.5586
11/30/2011,0.27144,0.52889,0.74833,1.07106,1.495,1.439,1.591,2.039,2.395,2.73,3.022,3.029,2.86
10/31/2011,0.24528,0.42944,0.61944,0.93561,1.596,1.494,1.598,1.862,2.194,2.469,2.775,2.853,2.752
9/30/2011,0.23944,0.37433,0.55783,0.86489,1.593,1.502,1.594,1.966,2.256,2.537,2.805,2.83,2.718
8/31/2011,0.2215,0.32722,0.48578,0.8,1.618,1.571,1.717,2.183,2.521,2.857,3.224,3.309,3.196
7/29/2011,0.1911,0.2555,0.43025,0.76025,1.8635,1.906,2.065,2.48,2.821,3.149,3.49,3.542,3.433
6/30/2011,0.18555,0.24575,0.39775,0.7335,1.973,2.1775,2.389,2.817,3.115,3.426,3.768,3.8805,3.828
5/31/2011,0.19043,0.25288,0.40313,0.7295,1.909,2.1545,2.372,2.7745,3.0615,3.353,3.671,3.7565,3.625
4/29/2011,0.21025,0.273,0.4305,0.761,1.9555,2.3345,2.612,3.026,3.279,3.551,3.8385,3.9155,3.789
3/31/2011,0.24345,0.303,0.4595,0.7825,1.883,2.3525,2.673,3.096,3.372,3.645,3.944,4.024,3.879
2/28/2011,0.261,0.3095,0.464,0.79025,1.6735,2.0965,2.378,2.82,3.1275,3.4196,3.7235,3.7933,3.644
1/31/2011,0.26,0.30438,0.45381,0.78125,1.5825,2.013,2.3525,2.834,3.159,3.455,3.7688,3.8283,3.67
12/31/2010,0.26063,0.30281,0.45594,0.78094,1.311,1.5505,1.898,2.491,2.9075,3.299,3.64,3.702,3.501
11/30/2010,0.26063,0.30031,0.461,0.78656,1.361,1.553,1.7835,2.294,2.685,3.054,3.388,3.433,3.194
10/29/2010,0.25375,0.28594,0.44844,0.76219,1.3928,1.59,1.7799,2.1545,2.4653,2.7895,3.0925,3.1435,2.952
9/30/2010,0.25625,0.29,0.4625,0.77775,1.28,1.467,1.631,1.967,2.265,2.578,2.88,2.976,2.833
8/31/2010,0.25781,0.29563,0.49669,0.84306,1.1455,1.229,1.3715,1.708,2.0168,2.328,2.6025,2.695,2.5688
7/30/2010,0.305,0.45375,0.66781,1.03669,1.207,1.417,1.658,2.141,2.5335,2.9465,3.334,3.467,3.351
6/30/2010,0.34844,0.53394,0.7525,1.17313,1.172,1.355,1.5825,2.071,2.4818,2.8863,3.252,3.3543,3.212
5/31/2010,0.35125,0.53625,0.75188,1.20406,1.1145,1.3355,1.594,2.125,2.538,2.9348,3.281,3.3505,3.2
4/30/2010,0.28,0.34656,0.53063,1.01563,1.135,1.4163,1.74,2.32,2.7565,3.184,3.5675,3.6685,3.545
3/31/2010,0.24863,0.2915,0.44438,0.92,1.085,1.443,1.797,2.3885,2.8315,3.275,3.665,3.793,3.688
2/26/2010,0.22875,0.25169,0.38688,0.83938,1.0898,1.4493,1.828,2.447,2.9055,3.341,3.721,3.829,3.716
1/29/2010,0.22906,0.24906,0.38438,0.84625,1.1995,1.646,2.027,2.5883,2.97,3.39,3.773,3.895,3.8125
12/31/2009,0.23094,0.25063,0.42969,0.98438,1.311,1.875,2.225,2.809,3.205,3.595,3.963,4.062,3.944
11/30/2009,0.23531,0.25656,0.48813,1.0175,1.258,1.7195,2.1215,2.667,3.0505,3.4195,3.809,3.928,3.8025
10/30/2009,0.2435,0.28063,0.56438,1.19938,1.2415,1.791,2.2245,2.754,3.1318,3.486,3.8575,3.9998,3.9215
9/30/2009,0.24563,0.28688,0.62875,1.26375,1.1805,1.6993,2.137,2.7115,3.1043,3.4685,3.8465,3.9955,3.9422
8/31/2009,0.25875,0.3475,0.755,1.33,1.2215,1.746,2.185,2.748,3.1095,3.4475,3.8155,3.951,3.88
7/31/2009,0.27938,0.47938,0.925,1.4975,1.211,1.7,2.174,2.752,3.139,3.499,3.899,4.034,3.936
6/30/2009,0.30875,0.595,1.11125,1.60625,1.38,1.811,2.261,2.866,3.2565,3.622,4.004,4.13,4.045
5/29/2009,0.31625,0.65625,1.24,1.6,1.444,1.711,2.146,2.832,3.28,3.698,4.046,4.137,3.983
4/30/2009,0.41125,1.01625,1.565,1.87688,1.582,1.79,2.149,2.696,3.075,3.433,3.792,3.893,3.755
3/31/2009,0.50063,1.19188,1.73563,1.97188,1.618,1.808,2.14,2.658,3.017,3.373,3.766,3.859,3.651
2/27/2009,0.49625,1.26438,1.80313,2.11938,1.8965,2.077,2.389,2.804,3.118,3.45,3.798,3.8505,3.4895
1/30/2009,0.41938,1.18438,1.66,1.975,2.094,2.255,2.569,3.0245,3.37,3.722,4.0115,3.9995,3.6975
12/31/2008,0.43625,1.425,1.75,2.00375,2.554,2.6845,2.955,3.25,3.479,3.7395,3.923,3.883,3.568
11/28/2008,1.90125,2.21688,2.59125,2.76625,3.304,3.145,3.2335,3.472,3.684,3.9387,4.139,4.0347,3.6287
10/31/2008,2.58125,3.02625,3.12125,3.17375,4.01,3.6675,3.801,4.018,4.229,4.4835,4.6365,4.5535,4.288
9/30/2008,3.92625,4.0525,3.98125,3.9625,5.04,4.682,4.676,4.6895,4.693,4.71,4.7485,4.7135,4.5685
8/29/2008,2.48563,2.81063,3.1175,3.20688,5.123,4.861,4.7635,4.6925,4.6525,4.6815,4.7585,4.7605,4.6715
7/31/2008,2.46125,2.79125,3.08375,3.2525,5.0795,4.9763,4.9171,4.851,4.82,4.849,4.925,4.918,4.811
6/30/2008,2.4625,2.78313,3.10875,3.31063,5.375,5.36,5.292,5.1425,5.066,5.0625,5.13,5.094,4.976
5/30/2008,2.4575,2.68063,2.91063,3.16375,5.1185,4.995,4.8805,4.7465,4.7395,4.835,4.97,5.0365,4.9935
4/30/2008,2.8025,2.85,2.965,3.07875,4.8035,4.5205,4.4215,4.3775,4.43,4.577,4.775,4.847,4.809
3/31/2008,2.70313,2.68813,2.61438,2.48625,4.552,4.248,4.173,4.1665,4.2415,4.4105,4.625,4.6965,4.675
2/29/2008,3.11063,3.0575,2.93125,2.70875,4.139,3.807,3.7905,3.9175,4.08,4.3025,4.522,4.6215,4.627
1/31/2008,3.14375,3.11188,3.04125,2.84938,4.1925,3.9585,3.9565,4.059,4.1855,4.369,4.5805,4.668,4.684
12/31/2007,4.6,4.7025,4.59625,4.22375,4.696,4.556,4.502,4.555,4.611,4.721,4.859,4.908,4.8875
11/30/2007,5.23625,5.13125,4.91,4.4575,4.6505,4.4415,4.4125,4.424,4.4895,4.6105,4.7585,4.8515,4.8585
10/31/2007,4.70625,4.89375,4.80625,4.6375,4.6585,4.5685,4.5385,4.565,4.5915,4.6655,4.7805,4.8285,4.811
9/28/2007,5.12375,5.22875,5.1325,4.90125,4.694,4.5445,4.5255,4.546,4.6025,4.703,4.8355,4.881,4.871
8/31/2007,5.72,5.62125,5.535,5.275,4.7,4.564,4.543,4.543,4.569,4.64,4.765,4.808,4.798
7/31/2007,5.32,5.35866,5.32688,5.245,4.601,4.61,4.623,4.6305,4.653,4.7025,4.7745,4.8085,4.785
6/29/2007,5.32,5.36,5.38625,5.42563,4.602,4.6995,4.7365,4.7675,4.796,4.85,4.9345,4.967,4.949
5/31/2007,5.32,5.36,5.38475,5.39,4.539,4.6285,4.6335,4.6305,4.636,4.6755,4.7495,4.7775,4.7535
4/30/2007,5.32,5.355,5.36,5.295,4.345,4.343,4.332,4.324,4.342,4.3995,4.4895,4.5305,4.5195
3/30/2007,5.32,5.35,5.32969,5.22,4.249,4.243,4.2251,4.2351,4.2651,4.3251,4.4305,4.4801,4.4713
2/28/2007,5.32,5.34813,5.33,5.23813,4.1165,4.1155,4.095,4.11,4.125,4.19,4.2771,4.33,4.32
1/31/2007,5.32,5.36,5.4,5.43,4.151,4.2005,4.22,4.23,4.26,4.33,4.4278,4.455,4.44
12/29/2006,5.32188,5.36,5.37,5.32938,4.076,4.122,4.1265,4.125,4.1451,4.1986,4.2736,4.3096,4.2876
11/30/2006,5.35,5.37,5.34688,5.24,3.891,3.865,3.8448,3.8386,3.8581,3.9115,3.9995,4.0445,4.0345
10/31/2006,5.32,5.37063,5.3875,5.34125,3.884,3.885,3.8692,3.8692,3.8953,3.9564,4.0354,4.0694,4.0604
9/29/2006,5.32188,5.37,5.37,5.2975,3.776,3.8005,3.8015,3.828,3.8715,3.954,4.068,4.124,4.1335
8/31/2006,5.33,5.3975,5.43125,5.41,3.672,3.732,3.745,3.8019,3.8803,3.9995,4.1485,4.2255,4.2605
7/31/2006,5.39063,5.46563,5.51,5.53938,3.5769,3.725,3.8082,3.9252,4.0295,4.162,4.325,4.412,4.451
6/30/2006,5.33438,5.48063,5.58938,5.69313,3.5531,3.7832,3.9012,4.045,4.1528,4.2849,4.4408,4.5235,4.5585
5/31/2006,5.11063,5.23813,5.33,5.42625,3.3941,3.6189,3.7421,3.9042,4.0326,4.1908,4.375,4.4785,4.5285
4/28/2006,5.04,5.13,5.22,5.33063,3.3254,3.5932,3.7354,3.9045,4.0249,4.1673,4.3204,4.397,4.4325
3/31/2006,4.82938,5,5.14,5.2875,3.3008,3.5255,3.6385,3.7706,3.8653,3.9894,4.138,4.213,4.25
2/28/2006,4.63313,4.8225,4.99,5.15,3.0265,3.2193,3.3166,3.4414,3.5367,3.6643,3.8208,3.909,3.952
1/31/2006,4.57,4.68,4.81,4.94,2.9391,3.1446,3.2595,3.3936,3.5017,3.6455,3.8141,3.9125,3.96
12/30/2005,4.39,4.53625,4.7,4.83875,2.8752,3.0275,3.1175,3.215,3.306,3.448,3.633,3.73,3.775
11/30/2005,4.29375,4.42,4.60063,4.79,2.8089,2.9525,3.0434,3.2187,3.3651,3.5563,3.7748,3.8845,3.9515
10/31/2005,4.09,4.26,4.46625,4.72,2.5946,2.7974,2.923,3.127,3.294,3.51,3.736,3.852,3.93
9/30/2005,3.86375,4.065,4.23063,4.44,2.3496,2.525,2.65,2.8405,3.0235,3.265,3.525,3.662,3.739
8/31/2005,3.7,3.87,4.055,4.24,2.2223,2.342,2.471,2.6935,2.9195,3.1985,3.481,3.6275,3.717
7/29/2005,3.51875,3.7,3.92375,4.1625,2.243,2.4046,2.556,2.8075,3.0525,3.3465,3.636,3.789,3.885
6/30/2005,3.34,3.51625,3.71,3.88,2.0845,2.162,2.3201,2.6251,2.8851,3.2201,3.533,3.7051,3.8101
5/31/2005,3.13,3.3375,3.5375,3.78,2.1588,2.295,2.46,2.775,3.025,3.3815,3.7,3.875,3.99
4/29/2005,3.08875,3.21,3.40875,3.68625,2.219,2.397,2.589,2.922,3.206,3.528,3.831,3.988,4.099
3/31/2005,2.87,3.12,3.4,3.845,2.3708,2.6305,2.8356,3.1472,3.416,3.713,3.989,4.1275,4.222
2/28/2005,2.71625,2.92,3.16,3.53,2.3713,2.6578,2.8903,3.2455,3.5119,3.8057,4.068,4.202,4.291
1/31/2005,2.59,2.75,2.96,3.26125,2.3153,2.5525,2.7505,3.064,3.3255,3.6185,3.889,4.046,4.131
12/31/2004,2.4,2.56438,2.78063,3.1,2.373,2.617,2.826,3.158,3.443,3.754,4.055,4.237,4.359
11/30/2004,2.29,2.41,2.635,2.98,2.3088,2.521,2.7675,3.169,3.4995,3.8615,4.187,4.3675,4.4905
10/29/2004,2,2.17,2.3125,2.54625,2.329,2.5765,2.834,3.2825,3.6265,3.984,4.3225,4.511,4.6378
9/30/2004,1.84,2.02,2.19625,2.4825,2.393,2.7075,2.985,3.423,3.7598,4.106,4.4205,4.6035,4.7225
8/31/2004,1.67,1.8,1.99,2.3,2.291,2.624,2.935,3.41,3.78,4.142,4.471,4.648,4.759
7/30/2004,1.50375,1.7,1.98,2.43375,2.392,2.8045,3.1415,3.6375,4.0175,4.3255,4.6335,4.7975,4.8975
6/30/2004,1.36875,1.61,1.94,2.4625,2.422,2.871,3.223,3.733,4.087,4.423,4.729,4.895,4.991
5/31/2004,1.11375,1.315,1.5775,2.0575,2.3805,2.829,3.1955,3.751,4.12,4.4855,4.818,5.0055,5.117
4/30/2004,1.1,1.18,1.38,1.83,2.244,2.6345,2.9875,3.5275,3.9075,4.306,4.6675,4.8625,4.9825
3/31/2004,1.09,1.11,1.16,1.35125,1.9865,2.295,2.635,3.201,3.65,4.08,4.472,4.695,4.832
2/27/2004,1.0975,1.12,1.17,1.3675,2.095,2.415,2.7635,3.342,3.7605,4.176,4.5625,4.7755,4.913
1/30/2004,1.1,1.13,1.21375,1.47625,2.296,2.733,3.0705,3.6153,3.9995,4.371,4.7328,4.9195,5.0275
12/31/2003,1.12,1.15188,1.22,1.45688,2.333,2.76,3.138,3.682,4.048,4.398,4.723,4.898,5.014
11/28/2003,1.17,1.17188,1.25875,1.5625,2.5205,3.0225,3.3955,3.9095,4.235,4.5515,4.8535,5.0175,5.1235
10/31/2003,1.12,1.16938,1.23,1.48,2.413,2.8573,3.2228,3.7413,4.0878,4.4158,4.7375,4.9275,5.0338
9/30/2003,1.12,1.16,1.18,1.3,2.1265,2.4435,2.794,3.337,3.7375,4.135,4.534,4.749,4.901
8/29/2003,1.11938,1.14,1.1975,1.43,2.345,2.7725,3.1225,3.628,3.962,4.296,4.6275,4.811,4.934
7/31/2003,1.1,1.11438,1.14625,1.26625,2.225,2.6615,2.8475,3.57,3.932,4.3145,4.691,4.907,5.0545
